<?xml version="1.0" encoding="UTF-8"?>
<project-private xmlns="http://www.netbeans.org/ns/project-private/1">
    <editor-bookmarks xmlns="http://www.netbeans.org/ns/editor-bookmarks/2" lastBookmarkId="0"/>
    <open-files xmlns="http://www.netbeans.org/ns/projectui-open-files/2">
        <group>
            <file>file:/Users/kristianpaulbigornia/Downloads/group6-master%202/DatabaseProject_Group6-master/GROUP6_DATABASE_PROJECT/src/loginandsignup/LoginAndSignUp.java</file>
            <file>file:/Users/kristianpaulbigornia/Downloads/group6-master%202/DatabaseProject_Group6-master/GROUP6_DATABASE_PROJECT/src/loginandsignup/Login.java</file>
            <file>file:/Users/kristianpaulbigornia/Downloads/group6-master%202/DatabaseProject_Group6-master/GROUP6_DATABASE_PROJECT/src/loginandsignup/teacherhome.java</file>
        </group>
    </open-files>
</project-private>
